k,probability,cumulative
0,0.0015999999999999986,0.0015999999999999986
1,0.025599999999999984,0.02719999999999998
2,0.15359999999999996,0.18079999999999993
3,0.4096,0.5903999999999999
4,0.4096000000000001,1.0
